,Rank,Company,Website,Headquarters,state,city
224,6,Accent Professional Recruiting,http://www.accentrecruit.com,"Richmond, Virginia", Virginia,Richmond
105,9,TEKsystems,http://www.teksystems.com,"Hanover, Maryland", Maryland,Hanover
106,16,Aerotek,http://www.aerotek.com,"Hanover, Maryland", Maryland,Hanover
107,56,Aston Carter,http://www.astoncarter.com,"Hanover, Maryland", Maryland,Hanover
100,61,Apex Systems,http://www.apexsystems.com,"Glen Allen, Virginia", Virginia,Glen Allen
150,85,Tech USA,http://www.techusa.net,"Millersville, Maryland", Maryland,Millersville
70,123,Maxim Healthcare Services,http://www.maximhealthcare.com,"Columbia, Maryland", Maryland,Columbia
3,137,Bowman Williams,http://bowmanwilliams.com,"Arlington, Virginia", Virginia,Arlington
46,155,BAS HealthCare,http://bashealthcare.com,"Chantilly, Virginia", Virginia,Chantilly
26,206,elite personnel,http://www.elitepersonnel.com,"Bethesda, Maryland", Maryland,Bethesda
